Gene,log2FoldChange,pvalue
DTHD1,1.54,5.594e-05
EMILIN2,1.534,2.976e-06
PI16,1.495,0.0001297
C4orf45,1.288,0.0002472
FAM180B,1.249,0.001146
